Title,Artist,Featuring,Featured_Artist
Tik Tok,Kesha,0,Kesha
Need You Now,Lady Antebellum,0,Lady Antebellum
"Hey, Soul Sister",Train,0,Train
California Gurls,Katy Perry ,1, Snoop Dogg
OMG,Usher ,1, will.i.am
Airplanes,B.o.B ,1, Hayley Williams
Love the Way You Lie,Eminem ,1, Rihanna
Bad Romance,Lady Gaga,0,Lady Gaga
Dynamite,Taio Cruz,0,Taio Cruz
Break Your Heart,Taio Cruz ,1, Ludacris
Nothin' on You,B.o.B ,1, Bruno Mars
I Like It,Enrique Iglesias ,1, Pitbull
BedRock,Young Money ,1, Lloyd
In My Head,Jason Derulo,0,Jason Derulo
Rude Boy,Rihanna,0,Rihanna
Telephone,Lady Gaga ,1, Beyoncé
Teenage Dream,Katy Perry,0,Katy Perry
Just the Way You Are,Bruno Mars,0,Bruno Mars
Cooler Than Me,Mike Posner,0,Mike Posner
Imma Be,The Black Eyed Peas,0,The Black Eyed Peas
Empire State of Mind,Jay-Z ,1, Alicia Keys
DJ Got Us Fallin' in Love,Usher ,1, Pitbull
Billionaire,Travie McCoy ,1, Bruno Mars
Not Afraid,Eminem,0,Eminem
Replay,Iyaz,0,Iyaz
Sexy Bitch,David Guetta ,1, Akon
Breakeven,The Script,0,The Script
Your Love Is My Drug,Kesha,0,Kesha
I Gotta Feeling,The Black Eyed Peas,0,The Black Eyed Peas
Fireflies,Owl City,0,Owl City
Say Aah,Trey Songz ,1, Fabolous
Find Your Love,Drake,0,Drake
Alejandro,Lady Gaga,0,Lady Gaga
Ridin' Solo,Jason Derulo,0,Jason Derulo
Just a Dream,Nelly,0,Nelly
How Low,Ludacris,0,Ludacris
Like a G6,Far East Movement ,1, The Cataracs and Dev
Carry Out,Timbaland ,1, Justin Timberlake
Haven't Met You Yet,Michael Bublé,0,Michael Bublé
Club Can't Handle Me,Flo Rida ,1, David Guetta
Down,Jay Sean ,1, Lil Wayne
Bulletproof,La Roux,0,La Roux
Whatcha Say,Jason Derulo,0,Jason Derulo
Baby,Justin Bieber ,1, Ludacris
Whataya Want from Me,Adam Lambert,0,Adam Lambert
Mine,Taylor Swift,0,Taylor Swift
Only Girl (In the World),Rihanna,0,Rihanna
Live Like We're Dying,Kris Allen,0,Kris Allen
Hard,Rihanna ,1, Jeezy
Young Forever,Jay-Z ,1, Mr Hudson
Blah Blah Blah,Kesha ,1, 3OH!3
Bottoms Up,Trey Songz ,1, Nicki Minaj
Do You Remember,Jay Sean ,1, Sean Paul and Lil Jon
All the Right Moves,OneRepublic,0,OneRepublic
According to You,Orianthi,0,Orianthi
My Chick Bad,Ludacris ,1, Nicki Minaj
You Belong with Me,Taylor Swift,0,Taylor Swift
Meet Me Halfway,The Black Eyed Peas,0,The Black Eyed Peas
Take It Off,Kesha,0,Kesha
Over,Drake,0,Drake
Animal,Neon Trees,0,Neon Trees
Misery,Maroon 5,0,Maroon 5
Magic,B.o.B ,1, Rivers Cuomo
Paparazzi,Lady Gaga,0,Lady Gaga
Tie Me Down,New Boyz ,1, Ray J
Your Love,Nicki Minaj,0,Nicki Minaj
Party in the U.S.A.,Miley Cyrus,0,Miley Cyrus
Deuces,Chris Brown ,1, Tyga and Kevin McCall
3,Britney Spears,0,Britney Spears
Impossible,Shontelle,0,Shontelle
Forever,Drake ,1," Kanye West, Lil Wayne and Eminem"
Two Is Better Than One,Boys Like Girls ,1, Taylor Swift
My First Kiss,3OH!3 ,1, Kesha
Already Gone,Kelly Clarkson,0,Kelly Clarkson
Rock That Body,The Black Eyed Peas,0,The Black Eyed Peas
Secrets,OneRepublic,0,OneRepublic
Naturally,Selena Gomez & the Scene,0,Selena Gomez & the Scene
Un-Thinkable (I'm Ready),Alicia Keys,0,Alicia Keys
All I Do Is Win,DJ Khaled ,1," T-Pain, Ludacris, Snoop Dogg and Rick Ross"
I Made It (Cash Money Heroes),Kevin Rudolf ,1," Birdman, Jay Sean and Lil Wayne"
Stuck Like Glue,Sugarland,0,Sugarland
Hey Daddy (Daddy's Home),Usher ,1, Plies
There Goes My Baby,Usher,0,Usher
Today Was a Fairytale,Taylor Swift,0,Taylor Swift
Say Something,Timbaland ,1, Drake
Sweet Dreams,Beyoncé,0,Beyoncé
Use Somebody,Kings of Leon,0,Kings of Leon
Undo It,Carrie Underwood,0,Carrie Underwood
Eenie Meenie,Sean Kingston and Justin Bieber,0,Sean Kingston and Justin Bieber
Right Above It,Lil Wayne ,1, Drake
The House That Built Me,Miranda Lambert,0,Miranda Lambert
If I Die Young,The Band Perry,0,The Band Perry
The Only Exception,Paramore,0,Paramore
American Honey,Lady Antebellum,0,Lady Antebellum
King of Anything,Sara Bareilles,0,Sara Bareilles
Life After You,Daughtry,0,Daughtry
Smile,Uncle Kracker,0,Uncle Kracker
Teach Me How to Dougie,Cali Swag District,0,Cali Swag District
Try Sleeping with a Broken Heart,Alicia Keys,0,Alicia Keys
"Lover, Lover",Jerrod Niemann,0,Jerrod Niemann
Rolling in the Deep,Adele,0,Adele
Party Rock Anthem,LMFAO ,1, Lauren Bennett and GoonRock
Firework,Katy Perry,0,Katy Perry
E.T.,Katy Perry ,1, Kanye West
Give Me Everything,Pitbull ,1," Ne-Yo, Afrojack and Nayer"
Grenade,Bruno Mars,0,Bruno Mars
Forget You,CeeLo Green,0,CeeLo Green
Super Bass,Nicki Minaj,0,Nicki Minaj
Moves like Jagger,Maroon 5 ,1, Christina Aguilera
Just Can't Get Enough,The Black Eyed Peas,0,The Black Eyed Peas
On the Floor,Jennifer Lopez ,1, Pitbull
S&M,Rihanna,0,Rihanna
Pumped Up Kicks,Foster the People,0,Foster the People
Last Friday Night (T.G.I.F.),Katy Perry,0,Katy Perry
Tonight (I'm Lovin' You),Enrique Iglesias ,1, Ludacris and DJ Frank E
Raise Your Glass,Pink,0,Pink
Born This Way,Lady Gaga,0,Lady Gaga
F**kin' Perfect,Pink,0,Pink
What's My Name?,Rihanna ,1, Drake
Look at Me Now,Chris Brown ,1, Lil Wayne and Busta Rhymes
Down on Me,Jeremih ,1, 50 Cent
How to Love,Lil Wayne,0,Lil Wayne
Someone Like You,Adele,0,Adele
Good Life,OneRepublic,0,OneRepublic
The Lazy Song,Bruno Mars,0,Bruno Mars
Till the World Ends,Britney Spears,0,Britney Spears
The Show Goes On,Lupe Fiasco,0,Lupe Fiasco
The Edge of Glory,Lady Gaga,0,Lady Gaga
We R Who We R,Kesha,0,Kesha
Black and Yellow,Wiz Khalifa,0,Wiz Khalifa
Tonight Tonight,Hot Chelle Rae,0,Hot Chelle Rae
Blow,Kesha,0,Kesha
Lighters,Bad Meets Evil ,1, Bruno Mars
Stereo Hearts,Gym Class Heroes ,1, Adam Levine
The Time (Dirty Bit),The Black Eyed Peas,0,The Black Eyed Peas
Coming Home,Diddy – Dirty Money ,1, Skylar Grey
Hey Baby (Drop It to the Floor),Pitbull ,1, T-Pain
6 Foot 7 Foot,Lil Wayne ,1, Cory Gunz
Just a Kiss,Lady A,0,Lady A
Dirt Road Anthem,Jason Aldean,0,Jason Aldean
No Hands,Waka Flocka Flame ,1, Wale and Roscoe Dash
I Wanna Go,Britney Spears,0,Britney Spears
I'm on One,DJ Khaled ,1," Drake, Rick Ross and Lil Wayne"
You Make Me Feel...,Cobra Starship ,1, Sabi
Yeah 3x,Chris Brown,0,Chris Brown
Moment 4 Life,Nicki Minaj ,1, Drake
I Need a Doctor,Dr. Dre ,1, Eminem and Skylar Grey
Motivation,Kelly Rowland ,1, Lil Wayne
Stereo Love,Edward Maya ,1, Vika Jigulina
Jar of Hearts,Christina Perri,0,Christina Perri
Roll Up,Wiz Khalifa,0,Wiz Khalifa
Sexy and I Know It,LMFAO,0,LMFAO
Rocketeer,Far East Movement ,1, Ryan Tedder
All of the Lights,Kanye West ,1, Rihanna
Hold It Against Me,Britney Spears,0,Britney Spears
More,Usher,0,Usher
What the Hell,Avril Lavigne,0,Avril Lavigne
Written in the Stars,Tinie Tempah ,1, Eric Turner
For the First Time,The Script,0,The Script
Honey Bee,Blake Shelton,0,Blake Shelton
Don't You Wanna Stay,Jason Aldean ,1, Kelly Clarkson
We Found Love,Rihanna ,1, Calvin Harris
Pretty Girl Rock,Keri Hilson,0,Keri Hilson
Yoü and I,Lady Gaga,0,Lady Gaga
Without You,David Guetta ,1, Usher
Back to December,Taylor Swift,0,Taylor Swift
Crazy Girl,Eli Young Band,0,Eli Young Band
Cheers (Drink to That),Rihanna,0,Rihanna
Who Says,Selena Gomez & the Scene,0,Selena Gomez & the Scene
Barefoot Blue Jean Night,Jake Owen,0,Jake Owen
Knee Deep,Zac Brown Band ,1, Jimmy Buffett
Country Girl (Shake It for Me),Luke Bryan,0,Luke Bryan
Remind Me,Brad Paisley and Carrie Underwood,0,Brad Paisley and Carrie Underwood
In the Dark,Dev,0,Dev
Backseat,New Boyz ,1, The Cataracs and Dev
Headlines,Drake,0,Drake
Best Thing I Never Had,Beyoncé,0,Beyoncé
Don't Wanna Go Home,Jason Derulo,0,Jason Derulo
Where Them Girls At,David Guetta ,1, Flo Rida and Nicki Minaj
She Ain't You,Chris Brown,0,Chris Brown
Take a Back Road,Rodney Atkins,0,Rodney Atkins
Please Don't Go,Mike Posner,0,Mike Posner
Sure Thing,Miguel,0,Miguel
Price Tag,Jessie J ,1, B.o.B
God Gave Me You,Blake Shelton,0,Blake Shelton
She Will,Lil Wayne ,1, Drake
Are You Gonna Kiss Me or Not,Thompson Square,0,Thompson Square
You and Tequila,Kenny Chesney ,1, Grace Potter
Colder Weather,Zac Brown Band,0,Zac Brown Band
My Last,Big Sean ,1, Chris Brown
Somebody That I Used to Know,Gotye ,1, Kimbra
Call Me Maybe,Carly Rae Jepsen,0,Carly Rae Jepsen
We Are Young,Fun ,1, Janelle Monáe
Payphone,Maroon 5 ,1, Wiz Khalifa
Lights,Ellie Goulding,0,Ellie Goulding
Glad You Came,The Wanted,0,The Wanted
Stronger (What Doesn't Kill You),Kelly Clarkson,0,Kelly Clarkson
Starships,Nicki Minaj,0,Nicki Minaj
What Makes You Beautiful,One Direction,0,One Direction
Wild Ones,Flo Rida ,1, Sia
Set Fire to the Rain,Adele,0,Adele
Some Nights,Fun,0,Fun
Wide Awake,Katy Perry,0,Katy Perry
Good Feeling,Flo Rida,0,Flo Rida
Whistle,Flo Rida,0,Flo Rida
One More Night,Maroon 5,0,Maroon 5
Drive By,Train,0,Train
The Motto,Drake ,1, Lil Wayne
Where Have You Been,Rihanna,0,Rihanna
Everybody Talks,Neon Trees,0,Neon Trees
Take Care,Drake ,1, Rihanna
Titanium,David Guetta ,1, Sia
I Won't Give Up,Jason Mraz,0,Jason Mraz
It Will Rain,Bruno Mars,0,Bruno Mars
Mercy,"Kanye West, Big Sean, Pusha T and 2 Chainz",0,"Kanye West, Big Sean, Pusha T and 2 Chainz"
Boyfriend,Justin Bieber,0,Justin Bieber
Too Close,Alex Clare,0,Alex Clare
Part of Me,Katy Perry,0,Katy Perry
"Young, Wild & Free",Snoop Dogg and Wiz Khalifa ,1, Bruno Mars
We Are Never Ever Getting Back Together,Taylor Swift,0,Taylor Swift
As Long as You Love Me,Justin Bieber ,1, Big Sean
Turn Me On,David Guetta ,1, Nicki Minaj
Blow Me (One Last Kiss),Pink,0,Pink
Good Time,Owl City and Carly Rae Jepsen,0,Owl City and Carly Rae Jepsen
Give Your Heart a Break,Demi Lovato,0,Demi Lovato
Niggas in Paris,Jay-Z and Kanye West,0,Jay-Z and Kanye West
The One That Got Away,Katy Perry,0,Katy Perry
Feel So Close,Calvin Harris,0,Calvin Harris
Someone like You,Adele,0,Adele
Scream,Usher,0,Usher
Rack City,Tyga,0,Tyga
Domino,Jessie J,0,Jessie J
Gangnam Style,Psy,0,Psy
International Love,Pitbull ,1, Chris Brown
Home,Phillip Phillips,0,Phillip Phillips
Ass Back Home,Gym Class Heroes ,1, Neon Hitch
Wanted,Hunter Hayes,0,Hunter Hayes
Drunk on You,Luke Bryan,0,Luke Bryan
No Lie,2 Chainz ,1, Drake
Want U Back,Cher Lloyd,0,Cher Lloyd
Don't Wake Me Up,Chris Brown,0,Chris Brown
Dance (A$$),Big Sean ,1, Nicki Minaj
Springsteen,Eric Church,0,Eric Church
Brokenhearted,Karmin,0,Karmin
Not Over You,Gavin DeGraw,0,Gavin DeGraw
Back in Time,Pitbull,0,Pitbull
Work Out,J. Cole,0,J. Cole
Rumour Has It,Adele,0,Adele
Let's Go,Calvin Harris ,1, Ne-Yo
Good Girl,Carrie Underwood,0,Carrie Underwood
Pontoon,Little Big Town,0,Little Big Town
Ho Hey,The Lumineers,0,The Lumineers
Paradise,Coldplay,0,Coldplay
Blown Away,Carrie Underwood,0,Carrie Underwood
Climax,Usher,0,Usher
"Work Hard, Play Hard",Wiz Khalifa,0,Wiz Khalifa
Let Me Love You (Until You Learn to Love Yourself),Ne-Yo,0,Ne-Yo
Pound the Alarm,Nicki Minaj,0,Nicki Minaj
Come Over,Kenny Chesney,0,Kenny Chesney
Heart Attack,Trey Songz,0,Trey Songz
Drank in My Cup,Kirko Bangz,0,Kirko Bangz
Birthday Cake,Rihanna ,1, Chris Brown
So Good,B.o.B,0,B.o.B
50 Ways to Say Goodbye,Train,0,Train
Red Solo Cup,Toby Keith,0,Toby Keith
Love You like a Love Song,Selena Gomez & the Scene,0,Selena Gomez & the Scene
Turn Up the Music,Chris Brown,0,Chris Brown
Die Young,Kesha,0,Kesha
5 O'Clock,T-Pain ,1, Wiz Khalifa and Lily Allen
A Thousand Years,Christina Perri,0,Christina Perri
Take a Little Ride,Jason Aldean,0,Jason Aldean
You da One,Rihanna,0,Rihanna
We Run the Night,Havana Brown ,1, Pitbull
It's Time,Imagine Dragons,0,Imagine Dragons
Cashin' Out,Cash Out,0,Cash Out
I Don't Want This Night to End,Luke Bryan,0,Luke Bryan
Diamonds,Rihanna,0,Rihanna
Hard to Love,Lee Brice,0,Lee Brice
Somethin' 'Bout a Truck,Kip Moore,0,Kip Moore
Adorn,Miguel,0,Miguel
Fly Over States,Jason Aldean,0,Jason Aldean
Even If It Breaks Your Heart,Eli Young Band,0,Eli Young Band
Burn It Down,Linkin Park,0,Linkin Park
Thrift Shop,Macklemore & Ryan Lewis ,1, Wanz
Blurred Lines,Robin Thicke ,1, T.I. and Pharrell Williams
Radioactive,Imagine Dragons,0,Imagine Dragons
Harlem Shake,Baauer,0,Baauer
Can't Hold Us,Macklemore & Ryan Lewis ,1, Ray Dalton
Mirrors,Justin Timberlake,0,Justin Timberlake
Just Give Me a Reason,Pink ,1, Nate Ruess
When I Was Your Man,Bruno Mars,0,Bruno Mars
Cruise,Florida Georgia Line ,1, Nelly
Roar,Katy Perry,0,Katy Perry
Locked Out of Heaven,Bruno Mars,0,Bruno Mars
Stay,Rihanna ,1, Mikky Ekko
Get Lucky,Daft Punk ,1, Pharrell Williams
Royals,Lorde,0,Lorde
I Knew You Were Trouble,Taylor Swift,0,Taylor Swift
We Can't Stop,Miley Cyrus,0,Miley Cyrus
Wrecking Ball,Miley Cyrus,0,Miley Cyrus
Wake Me Up,Avicii,0,Avicii
Suit & Tie,Justin Timberlake ,1, Jay-Z
Cups (Pitch Perfect's When I'm Gone),Anna Kendrick,0,Anna Kendrick
Holy Grail,Jay-Z ,1, Justin Timberlake
Scream & Shout,will.i.am ,1, Britney Spears
Clarity,Zedd ,1, Foxes
Sail,Awolnation,0,Awolnation
Don't You Worry Child,Swedish House Mafia ,1, John Martin
I Love It,Icona Pop ,1, Charli XCX
Safe and Sound,Capital Cities,0,Capital Cities
Treasure,Bruno Mars,0,Bruno Mars
The Way,Ariana Grande ,1, Mac Miller
Started from the Bottom,Drake,0,Drake
Come & Get It,Selena Gomez,0,Selena Gomez
"Hold On, We're Going Home",Drake ,1, Majid Jordan
Daylight,Maroon 5,0,Maroon 5
Feel This Moment,Pitbull ,1, Christina Aguilera
Applause,Lady Gaga,0,Lady Gaga
Love Me,Lil Wayne ,1, Drake and Future
My Songs Know What You Did in the Dark (Light Em Up),Fall Out Boy,0,Fall Out Boy
Fuckin' Problems,ASAP Rocky ,1," Drake, 2 Chainz and Kendrick Lamar"
Beauty and a Beat,Justin Bieber ,1, Nicki Minaj
Same Love,Macklemore & Ryan Lewis ,1, Mary Lambert
Sweet Nothing,Calvin Harris ,1, Florence Welch
Summertime Sadness,Lana Del Rey and Cédric Gervais,0,Lana Del Rey and Cédric Gervais
Power Trip,J. Cole ,1, Miguel
Girl on Fire,Alicia Keys ,1, Nicki Minaj
Heart Attack,Demi Lovato,0,Demi Lovato
Love Somebody,Maroon 5,0,Maroon 5
I Will Wait,Mumford & Sons,0,Mumford & Sons
Try,Pink,0,Pink
Wagon Wheel,Darius Rucker,0,Darius Rucker
I Need Your Love,Calvin Harris ,1, Ellie Goulding
Bad,Wale ,1, Tiara Thomas or Rihanna
Boys 'Round Here,Blake Shelton ,1, Pistol Annies and Friends
"Gone, Gone, Gone",Phillip Phillips,0,Phillip Phillips
Demons,Imagine Dragons,0,Imagine Dragons
Counting Stars,OneRepublic,0,OneRepublic
I Cry,Flo Rida,0,Flo Rida
Little Talks,Of Monsters and Men,0,Of Monsters and Men
The Other Side,Jason Derulo,0,Jason Derulo
Berzerk,Eminem,0,Eminem
Catch My Breath,Kelly Clarkson,0,Kelly Clarkson
Crash My Party,Luke Bryan,0,Luke Bryan
Pour It Up,Rihanna,0,Rihanna
22,Taylor Swift,0,Taylor Swift
I Want Crazy,Hunter Hayes,0,Hunter Hayes
The Fox (What Does the Fox Say?),Ylvis,0,Ylvis
Best Song Ever,One Direction,0,One Direction
The A Team,Ed Sheeran,0,Ed Sheeran
Carry On,Fun,0,Fun
Highway Don't Care,Tim McGraw ,1, Taylor Swift and Keith Urban
That's My Kind of Night,Luke Bryan,0,Luke Bryan
Swimming Pools (Drank),Kendrick Lamar,0,Kendrick Lamar
Sure Be Cool If You Did,Blake Shelton,0,Blake Shelton
#Beautiful,Mariah Carey ,1, Miguel
Troublemaker,Olly Murs ,1, Flo Rida
Body Party,Ciara,0,Ciara
Hall of Fame,The Script ,1, will.i.am
U.O.E.N.O.,Rocko ,1, Future and Rick Ross
Next to Me,Emeli Sandé,0,Emeli Sandé
Mama's Broken Heart,Miranda Lambert,0,Miranda Lambert
It Goes Like This,Thomas Rhett,0,Thomas Rhett
Bugatti,Ace Hood ,1, Future and Rick Ross
Downtown,Lady Antebellum,0,Lady Antebellum
Get Your Shine On,Florida Georgia Line,0,Florida Georgia Line
#thatPower,will.i.am ,1, Justin Bieber
Brave,Sara Bareilles,0,Sara Bareilles
Let Her Go,Passenger,0,Passenger
Runnin' Outta Moonlight,Randy Houser,0,Randy Houser
I'm Different,2 Chainz,0,2 Chainz
Still Into You,Paramore,0,Paramore
Happy,Pharrell Williams,0,Pharrell Williams
Dark Horse,Katy Perry ,1, Juicy J
All of Me,John Legend,0,John Legend
Fancy,Iggy Azalea ,1, Charli XCX
Talk Dirty,Jason Derulo ,1, 2 Chainz
Rude,Magic!,0,Magic!
All About That Bass,Meghan Trainor,0,Meghan Trainor
Problem,Ariana Grande ,1, Iggy Azalea
Stay with Me,Sam Smith,0,Sam Smith
Timber,Pitbull ,1, Kesha
Pompeii,Bastille,0,Bastille
Shake It Off,Taylor Swift,0,Taylor Swift
Am I Wrong,Nico & Vinz,0,Nico & Vinz
Turn Down for What,DJ Snake and Lil Jon,0,DJ Snake and Lil Jon
The Monster,Eminem ,1, Rihanna
Say Something,A Great Big World and Christina Aguilera,0,A Great Big World and Christina Aguilera
Team,Lorde,0,Lorde
Let It Go,Idina Menzel,0,Idina Menzel
Story of My Life,One Direction,0,One Direction
Chandelier,Sia,0,Sia
Black Widow,Iggy Azalea ,1, Rita Ora
Bang Bang,"Jessie J, Ariana Grande and Nicki Minaj",0,"Jessie J, Ariana Grande and Nicki Minaj"
Latch,Disclosure ,1, Sam Smith
Maps,Maroon 5,0,Maroon 5
Loyal,Chris Brown ,1, Lil Wayne and French Montana or Too Short or Tyga
Best Day of My Life,American Authors,0,American Authors
Habits (Stay High),Tove Lo,0,Tove Lo
Summer,Calvin Harris,0,Calvin Harris
Boom Clap,Charli XCX,0,Charli XCX
Drunk in Love,Beyoncé ,1, Jay-Z
Anaconda,Nicki Minaj,0,Nicki Minaj
Break Free,Ariana Grande ,1, Zedd
Bailando,Enrique Iglesias ,1, Descemer Bueno and Gente de Zona
Burn,Ellie Goulding,0,Ellie Goulding
Wiggle,Jason Derulo ,1, Snoop Dogg
Rather Be,Clean Bandit ,1, Jess Glynne
Don't Tell 'Em,Jeremih ,1, YG
Show Me,Kid Ink ,1, Chris Brown
Not a Bad Thing,Justin Timberlake,0,Justin Timberlake
Ain't It Fun,Paramore,0,Paramore
The Man,Aloe Blacc,0,Aloe Blacc
This Is How We Roll,Florida Georgia Line ,1, Luke Bryan
Classic,MKTO,0,MKTO
A Sky Full of Stars,Coldplay,0,Coldplay
Don't,Ed Sheeran,0,Ed Sheeran
Na Na,Trey Songz,0,Trey Songz
Hot Boy,Bobby Shmurda,0,Bobby Shmurda
Sing,Ed Sheeran,0,Ed Sheeran
My Hitta,YG ,1, Jeezy and Rich Homie Quan
Cool Kids,Echosmith,0,Echosmith
Hey Brother,Avicii,0,Avicii
Trumpets,Jason Derulo,0,Jason Derulo
Animals,Maroon 5,0,Maroon 5
Burnin' It Down,Jason Aldean,0,Jason Aldean
Play It Again,Luke Bryan,0,Luke Bryan
2 On,Tinashe ,1, ScHoolboy Q
Dirt,Florida Georgia Line,0,Florida Georgia Line
Love Runs Out,OneRepublic,0,OneRepublic
Bottoms Up,Brantley Gilbert,0,Brantley Gilbert
Shower,Becky G,0,Becky G
Me and My Broken Heart,Rixton,0,Rixton
Animals,Martin Garrix,0,Martin Garrix
Lifestyle,Rich Gang ,1, Young Thug and Rich Homie Quan
American Kids,Kenny Chesney,0,Kenny Chesney
Sweater Weather,The Neighbourhood,0,The Neighbourhood
Leave the Night On,Sam Hunt,0,Sam Hunt
New Flame,Chris Brown ,1, Usher and Rick Ross
Love Never Felt So Good,Michael Jackson and Justin Timberlake,0,Michael Jackson and Justin Timberlake
Drunk on a Plane,Dierks Bentley,0,Dierks Bentley
Birthday,Katy Perry,0,Katy Perry
Bartender,Lady Antebellum,0,Lady Antebellum
La La La,Naughty Boy ,1, Sam Smith
Do What U Want,Lady Gaga ,1, R. Kelly
Can't Remember to Forget You,Shakira ,1, Rihanna
Amnesia,5 Seconds of Summer,0,5 Seconds of Summer
No Mediocre,T.I. ,1, Iggy Azalea
Come with Me Now,KONGOS,0,KONGOS
Believe Me,Lil Wayne ,1, Drake
23,Mike WiLL Made-It ,1," Miley Cyrus, Wiz Khalifa, and Juicy J"
Beachin',Jake Owen,0,Jake Owen
White Walls,Macklemore & Ryan Lewis ,1, ScHoolboy Q and Hollis
She Looks So Perfect,5 Seconds of Summer,0,5 Seconds of Summer
Stay the Night,Zedd ,1, Hayley Williams
Partition,Beyoncé,0,Beyoncé
Studio,ScHoolboy Q ,1, BJ the Chicago Kid
0 to 100 / The Catch Up,Drake,0,Drake
I Don't Dance,Lee Brice,0,Lee Brice
Somethin' Bad,Miranda Lambert and Carrie Underwood,0,Miranda Lambert and Carrie Underwood
Adore You,Miley Cyrus,0,Miley Cyrus
Uptown Funk,Mark Ronson ,1, Bruno Mars
Thinking Out Loud,Ed Sheeran,0,Ed Sheeran
See You Again,Wiz Khalifa ,1, Charlie Puth
Trap Queen,Fetty Wap,0,Fetty Wap
Sugar,Maroon 5,0,Maroon 5
Shut Up and Dance,Walk the Moon,0,Walk the Moon
Blank Space,Taylor Swift,0,Taylor Swift
Watch Me,Silentó,0,Silentó
Earned It,The Weeknd,0,The Weeknd
The Hills,The Weeknd,0,The Weeknd
Cheerleader,OMI,0,OMI
Can't Feel My Face,The Weeknd,0,The Weeknd
Love Me Like You Do,Ellie Goulding,0,Ellie Goulding
Take Me to Church,Hozier,0,Hozier
Bad Blood,Taylor Swift ,1, Kendrick Lamar
Lean On,Major Lazer and DJ Snake ,1, MØ
Want to Want Me,Jason Derulo,0,Jason Derulo
Where Are Ü Now,Skrillex and Diplo ,1, Justin Bieber
Fight Song,Rachel Platten,0,Rachel Platten
679,Fetty Wap ,1, Remy Boyz
Lips Are Movin,Meghan Trainor,0,Meghan Trainor
Worth It,Fifth Harmony ,1, Kid Ink
Post to Be,Omarion ,1, Chris Brown and Jhené Aiko
"Honey, I'm Good.",Andy Grammer,0,Andy Grammer
I'm Not the Only One,Sam Smith,0,Sam Smith
Good for You,Selena Gomez ,1, ASAP Rocky
Style,Taylor Swift,0,Taylor Swift
Hotline Bling,Drake,0,Drake
Hey Mama,David Guetta ,1," Nicki Minaj, Bebe Rexha and Afrojack"
G.D.F.R.,Flo Rida ,1, Sage the Gemini and Lookas
What Do You Mean?,Justin Bieber,0,Justin Bieber
Photograph,Ed Sheeran,0,Ed Sheeran
Hello,Adele,0,Adele
Stitches,Shawn Mendes,0,Shawn Mendes
Talking Body,Tove Lo,0,Tove Lo
Jealous,Nick Jonas,0,Nick Jonas
Time of Our Lives,Pitbull and Ne-Yo,0,Pitbull and Ne-Yo
Locked Away,R. City ,1, Adam Levine
Somebody,Natalie La Rose ,1, Jeremih
FourFiveSeconds,"Rihanna, Kanye West and Paul McCartney",0,"Rihanna, Kanye West and Paul McCartney"
Centuries,Fall Out Boy,0,Fall Out Boy
My Way,Fetty Wap ,1, Monty
Take Your Time,Sam Hunt,0,Sam Hunt
I Don't Fuck with You,Big Sean ,1, E-40
Bitch Better Have My Money,Rihanna,0,Rihanna
"Flex (Ooh, Ooh, Ooh)",Rich Homie Quan,0,Rich Homie Quan
Nasty Freestyle,T-Wayne,0,T-Wayne
Only,Nicki Minaj ,1," Drake, Lil Wayne and Chris Brown"
Elastic Heart,Sia,0,Sia
Cool for the Summer,Demi Lovato,0,Demi Lovato
Renegades,X Ambassadors,0,X Ambassadors
I Don't Mind,Usher ,1, Juicy J
Love Me Harder,Ariana Grande and The Weeknd,0,Ariana Grande and The Weeknd
Wildest Dreams,Taylor Swift,0,Taylor Swift
You Know You Like It,DJ Snake and AlunaGeorge,0,DJ Snake and AlunaGeorge
Uma Thurman,Fall Out Boy,0,Fall Out Boy
7/11,Beyoncé,0,Beyoncé
The Heart Wants What It Wants,Selena Gomez,0,Selena Gomez
Girl Crush,Little Big Town,0,Little Big Town
Slow Motion,Trey Songz,0,Trey Songz
Drag Me Down,One Direction,0,One Direction
Truffle Butter,Nicki Minaj ,1, Drake and Lil Wayne
One Last Time,Ariana Grande,0,Ariana Grande
Chains,Nick Jonas,0,Nick Jonas
All Eyes on You,Meek Mill ,1, Chris Brown and Nicki Minaj
No Type,Rae Sremmurd,0,Rae Sremmurd
Riptide,Vance Joy,0,Vance Joy
Classic Man,Jidenna ,1, Roman GianArthur
Ex's & Oh's,Elle King,0,Elle King
Dear Future Husband,Meghan Trainor,0,Meghan Trainor
Marvin Gaye,Charlie Puth ,1, Meghan Trainor
Like I'm Gonna Lose You,Meghan Trainor ,1, John Legend
The Hanging Tree,James Newton Howard ,1, Jennifer Lawrence
CoCo,O.T. Genasis,0,O.T. Genasis
Lay Me Down,Sam Smith,0,Sam Smith
Tuesday,ILoveMakonnen ,1, Drake
Hit the Quan,iLoveMemphis,0,iLoveMemphis
Downtown,Macklemore & Ryan Lewis ,1," Eric Nally, Melle Mel, Kool Moe Dee and Grandmaster Caz"
House Party,Sam Hunt,0,Sam Hunt
Ayo,Chris Brown and Tyga,0,Chris Brown and Tyga
Kick the Dust Up,Luke Bryan,0,Luke Bryan
Blessings,Big Sean ,1, Drake
Budapest,George Ezra,0,George Ezra
Heartbeat Song,Kelly Clarkson,0,Kelly Clarkson
Ghost,Ella Henderson,0,Ella Henderson
Here,Alessia Cara,0,Alessia Cara
Waves,Mr Probz,0,Mr Probz
El Perdón,Nicky Jam and Enrique Iglesias,0,Nicky Jam and Enrique Iglesias
She Knows,Ne-Yo ,1, Juicy J
Night Changes,One Direction,0,One Direction
Back to Back,Drake,0,Drake
How Deep Is Your Love,Calvin Harris and Disciples,0,Calvin Harris and Disciples
Love Yourself,Justin Bieber,0,Justin Bieber
Sorry,Justin Bieber,0,Justin Bieber
One Dance,Drake ,1, Wizkid and Kyla
Work,Rihanna ,1, Drake
Stressed Out,Twenty One Pilots,0,Twenty One Pilots
Panda,Desiigner,0,Desiigner
Don't Let Me Down,The Chainsmokers ,1, Daya
Can't Stop the Feeling!,Justin Timberlake,0,Justin Timberlake
Closer,The Chainsmokers ,1, Halsey
Cheap Thrills,Sia ,1, Sean Paul
7 Years,Lukas Graham,0,Lukas Graham
Needed Me,Rihanna,0,Rihanna
My House,Flo Rida,0,Flo Rida
I Took a Pill in Ibiza,Mike Posner,0,Mike Posner
Work from Home,Fifth Harmony ,1, Ty Dolla $ign
This Is What You Came For,Calvin Harris ,1, Rihanna
Cake by the Ocean,DNCE,0,DNCE
"Me, Myself & I",G-Eazy and Bebe Rexha,0,G-Eazy and Bebe Rexha
Ride,Twenty One Pilots,0,Twenty One Pilots
Heathens,Twenty One Pilots,0,Twenty One Pilots
Pillowtalk,Zayn,0,Zayn
Cold Water,Major Lazer ,1, Justin Bieber and MØ
Send My Love (To Your New Lover),Adele,0,Adele
Roses,The Chainsmokers ,1, Rozes
Treat You Better,Shawn Mendes,0,Shawn Mendes
Too Good,Drake ,1, Rihanna
Low Life,Future ,1, The Weeknd
Just Like Fire,Pink,0,Pink
Broccoli,DRAM ,1, Lil Yachty
Don't,Bryson Tiller,0,Bryson Tiller
Dangerous Woman,Ariana Grande,0,Ariana Grande
Jumpman,Drake and Future,0,Drake and Future
"I Hate U, I Love U",Gnash ,1, Olivia O'Brien
Same Old Love,Selena Gomez,0,Selena Gomez
Controlla,Drake,0,Drake
One Call Away,Charlie Puth,0,Charlie Puth
Let It Go,James Bay,0,James Bay
No,Meghan Trainor,0,Meghan Trainor
Never Forget You,Zara Larsson and MNEK,0,Zara Larsson and MNEK
Let Me Love You,DJ Snake ,1, Justin Bieber
Don't Mind,Kent Jones,0,Kent Jones
H.O.L.Y.,Florida Georgia Line,0,Florida Georgia Line
We Don't Talk Anymore,Charlie Puth ,1, Selena Gomez
Into You,Ariana Grande,0,Ariana Grande
Gold,Kiiara,0,Kiiara
Exchange,Bryson Tiller,0,Bryson Tiller
Oui,Jeremih,0,Jeremih
Hands to Myself,Selena Gomez,0,Selena Gomez
2 Phones,Kevin Gates,0,Kevin Gates
Starboy,The Weeknd ,1, Daft Punk
For Free,DJ Khaled ,1, Drake
Never Be Like You,Flume ,1, Kai
In the Night,The Weeknd,0,The Weeknd
Me Too,Meghan Trainor,0,Meghan Trainor
Die a Happy Man,Thomas Rhett,0,Thomas Rhett
White Iverson,Post Malone,0,Post Malone
Close,Nick Jonas ,1, Tove Lo
Unsteady,X Ambassadors,0,X Ambassadors
Sucker for Pain,"Lil Wayne, Wiz Khalifa and Imagine Dragons with Logic and Ty Dolla $ign ",1, X Ambassadors
Down in the DM,Yo Gotti ,1, Nicki Minaj
Luv,Tory Lanez,0,Tory Lanez
Sorry,Beyoncé,0,Beyoncé
Hymn for the Weekend,Coldplay,0,Coldplay
Say It,Tory Lanez,0,Tory Lanez
Antidote,Travis Scott,0,Travis Scott
Lost Boy,Ruth B,0,Ruth B
Side to Side,Ariana Grande ,1, Nicki Minaj
"Sit Still, Look Pretty",Daya,0,Daya
Middle,DJ Snake ,1, Bipolar Sunshine
On My Mind,Ellie Goulding,0,Ellie Goulding
Pop Style,Drake ,1, The Throne
When We Were Young,Adele,0,Adele
Hide Away,Daya,0,Daya
I Know What You Did Last Summer,Shawn Mendes and Camila Cabello,0,Shawn Mendes and Camila Cabello
All the Way Up,"Fat Joe, Remy Ma and Jay-Z ",1, French Montana and Infared
Back to Sleep,Chris Brown,0,Chris Brown
No Limit,Usher ,1, Young Thug
Cut It,O.T. Genasis ,1, Young Dolph
Really Really,Kevin Gates,0,Kevin Gates
All In My Head (Flex),Fifth Harmony ,1, Fetty Wap
Starving,Hailee Steinfeld and Grey ,1, Zedd
Adventure of a Lifetime,Coldplay,0,Coldplay
Humble and Kind,Tim McGraw,0,Tim McGraw
Wicked,Future,0,Future
Tiimmy Turner,Desiigner,0,Desiigner
Perfect,One Direction,0,One Direction
Shape of You,Ed Sheeran,0,Ed Sheeran
Despacito (Remix),Luis Fonsi and Daddy Yankee ,1, Justin Bieber
That's What I Like,Bruno Mars,0,Bruno Mars
Humble,Kendrick Lamar,0,Kendrick Lamar
Something Just Like This,The Chainsmokers and Coldplay,0,The Chainsmokers and Coldplay
Bad and Boujee,Migos ,1, Lil Uzi Vert
Body Like a Back Road,Sam Hunt,0,Sam Hunt
Believer,Imagine Dragons,0,Imagine Dragons
Congratulations,Post Malone ,1, Quavo
Say You Won't Let Go,James Arthur,0,James Arthur
I'm the One,DJ Khaled ,1," Justin Bieber, Quavo, Chance the Rapper and Lil Wayne"
XO Tour Llif3,Lil Uzi Vert,0,Lil Uzi Vert
Mask Off,Future,0,Future
Unforgettable,French Montana ,1, Swae Lee
24K Magic,Bruno Mars,0,Bruno Mars
Stay,Zedd and Alessia Cara,0,Zedd and Alessia Cara
Wild Thoughts,DJ Khaled ,1, Rihanna and Bryson Tiller
Black Beatles,Rae Sremmurd ,1, Gucci Mane
Location,Khalid,0,Khalid
Attention,Charlie Puth,0,Charlie Puth
There's Nothing Holdin' Me Back,Shawn Mendes,0,Shawn Mendes
Bodak Yellow,Cardi B,0,Cardi B
Redbone,Childish Gambino,0,Childish Gambino
I Don't Wanna Live Forever,Zayn and Taylor Swift,0,Zayn and Taylor Swift
It Ain't Me,Kygo and Selena Gomez,0,Kygo and Selena Gomez
iSpy,Kyle ,1, Lil Yachty
Issues,Julia Michaels,0,Julia Michaels
Scars to Your Beautiful,Alessia Cara,0,Alessia Cara
1-800-273-8255,Logic ,1, Alessia Cara and Khalid
Slow Hands,Niall Horan,0,Niall Horan
Love on the Brain,Rihanna,0,Rihanna
I Feel It Coming,The Weeknd ,1, Daft Punk
Bounce Back,Big Sean,0,Big Sean
Strip That Down,Liam Payne ,1, Quavo
Fake Love,Drake,0,Drake
Don't Wanna Know,Maroon 5 ,1, Kendrick Lamar
Look What You Made Me Do,Taylor Swift,0,Taylor Swift
Castle on the Hill,Ed Sheeran,0,Ed Sheeran
Bad Things,Machine Gun Kelly and Camila Cabello,0,Machine Gun Kelly and Camila Cabello
Paris,The Chainsmokers,0,The Chainsmokers
Rockabye,Clean Bandit ,1, Sean Paul and Anne-Marie
Feel It Still,Portugal. The Man,0,Portugal. The Man
Sorry Not Sorry,Demi Lovato,0,Demi Lovato
Bank Account,21 Savage,0,21 Savage
Mi Gente,J Balvin and Willy William ,1, Beyoncé
Thunder,Imagine Dragons,0,Imagine Dragons
T-Shirt,Migos,0,Migos
Rake It Up,Yo Gotti ,1, Nicki Minaj
Mercy,Shawn Mendes,0,Shawn Mendes
Tunnel Vision,Kodak Black,0,Kodak Black
Rockstar,Post Malone ,1, 21 Savage
In Case You Didn't Know,Brett Young,0,Brett Young
Now or Never,Halsey,0,Halsey
Caroline,Aminé,0,Aminé
Rolex,Ayo & Teo,0,Ayo & Teo
DNA,Kendrick Lamar,0,Kendrick Lamar
Juju on That Beat (TZ Anthem),Zay Hilfigerrr & Zayion McCall,0,Zay Hilfigerrr & Zayion McCall
Swang,Rae Sremmurd,0,Rae Sremmurd
Passionfruit,Drake,0,Drake
Loyalty,Kendrick Lamar ,1, Rihanna
Praying,Kesha,0,Kesha
Goosebumps,Travis Scott,0,Travis Scott
Cold,Maroon 5 ,1, Future
Slide,Calvin Harris ,1, Frank Ocean and Migos
What Ifs,Kane Brown ,1, Lauren Alaina
Chained to the Rhythm,Katy Perry ,1, Skip Marley
Feels,Calvin Harris ,1," Pharrell Williams, Katy Perry and Big Sean"
All Time Low,Jon Bellion,0,Jon Bellion
Hurricane,Luke Combs,0,Luke Combs
Too Good at Goodbyes,Sam Smith,0,Sam Smith
Young Dumb & Broke,Khalid,0,Khalid
Magnolia,Playboi Carti,0,Playboi Carti
Love Galore,SZA ,1, Travis Scott
Drowning,A Boogie wit da Hoodie ,1, Kodak Black
Both,Gucci Mane ,1, Drake
What About Us,Pink,0,Pink
Swalla,Jason Derulo ,1, Nicki Minaj and Ty Dolla Sign
Slippery,Migos ,1, Gucci Mane
Sign of the Times,Harry Styles,0,Harry Styles
Water Under the Bridge,Adele,0,Adele
Malibu,Miley Cyrus,0,Miley Cyrus
Down,Marian Hill,0,Marian Hill
No Promises,Cheat Codes ,1, Demi Lovato
I Get the Bag,Gucci Mane ,1, Migos
Small Town Boy,Dustin Lynch,0,Dustin Lynch
Everyday We Lit,YFN Lucci ,1, PnB Rock
Havana,Camila Cabello ,1, Young Thug
What Lovers Do,Maroon 5 ,1, SZA
Do Re Mi,Blackbear,0,Blackbear
Look at Me!,XXXTentacion,0,XXXTentacion
The Fighter,Keith Urban ,1, Carrie Underwood
God's Plan,Drake,0,Drake
Perfect,Ed Sheeran,0,Ed Sheeran
Meant to Be,Bebe Rexha ,1, Florida Georgia Line
Psycho,Post Malone ,1, Ty Dolla Sign
I Like It,"Cardi B, Bad Bunny and J Balvin",0,"Cardi B, Bad Bunny and J Balvin"
The Middle,"Zedd, Maren Morris and Grey",0,"Zedd, Maren Morris and Grey"
In My Feelings,Drake,0,Drake
Girls Like You,Maroon 5 ,1, Cardi B
Nice for What,Drake,0,Drake
Lucid Dreams,Juice Wrld,0,Juice Wrld
Better Now,Post Malone,0,Post Malone
Finesse,Bruno Mars ,1, Cardi B
Boo'd Up,Ella Mai,0,Ella Mai
New Rules,Dua Lipa,0,Dua Lipa
Sad!,XXXTentacion,0,XXXTentacion
Never Be the Same,Camila Cabello,0,Camila Cabello
Love Lies,Khalid and Normani,0,Khalid and Normani
No Tears Left to Cry,Ariana Grande,0,Ariana Grande
Mine,Bazzi,0,Bazzi
Look Alive,BlocBoy JB ,1, Drake
Delicate,Taylor Swift,0,Taylor Swift
Yes Indeed,Lil Baby and Drake,0,Lil Baby and Drake
Friends,Marshmello and Anne-Marie,0,Marshmello and Anne-Marie
Bad at Love,Halsey,0,Halsey
Taste,Tyga ,1, Offset
Let You Down,NF,0,NF
No Limit,G-Eazy ,1, ASAP Rocky and Cardi B
Fefe,6ix9ine ,1, Nicki Minaj and Murda Beatz
Tequila,Dan + Shay,0,Dan + Shay
MotorSport,"Migos, Nicki Minaj and Cardi B",0,"Migos, Nicki Minaj and Cardi B"
I Like Me Better,Lauv,0,Lauv
Youngblood,5 Seconds of Summer,0,5 Seconds of Summer
Whatever It Takes,Imagine Dragons,0,Imagine Dragons
Ric Flair Drip,Offset and Metro Boomin,0,Offset and Metro Boomin
I Fall Apart,Post Malone,0,Post Malone
Pray for Me,The Weeknd and Kendrick Lamar,0,The Weeknd and Kendrick Lamar
Back to You,Selena Gomez,0,Selena Gomez
Sicko Mode,Travis Scott,0,Travis Scott
Walk It Talk It,Migos ,1, Drake
Gucci Gang,Lil Pump,0,Lil Pump
Him & I,G-Eazy and Halsey,0,G-Eazy and Halsey
In My Blood,Shawn Mendes,0,Shawn Mendes
All the Stars,Kendrick Lamar and SZA,0,Kendrick Lamar and SZA
Stir Fry,Migos,0,Migos
Love,Kendrick Lamar ,1, Zacari
This Is America,Childish Gambino,0,Childish Gambino
Nonstop,Drake,0,Drake
Heaven,Kane Brown,0,Kane Brown
Freaky Friday,Lil Dicky ,1, Chris Brown
Gummo,6ix9ine,0,6ix9ine
Plug Walk,Rich the Kid,0,Rich the Kid
Wait,Maroon 5,0,Maroon 5
Be Careful,Cardi B,0,Cardi B
Wolves,Selena Gomez and Marshmello,0,Selena Gomez and Marshmello
Bartier Cardi,Cardi B ,1, 21 Savage
God Is a Woman,Ariana Grande,0,Ariana Grande
Big Bank,YG ,1," 2 Chainz, Nicki Minaj and Big Sean"
How Long,Charlie Puth,0,Charlie Puth
Lights Down Low,Max ,1, Gnash
One Kiss,Calvin Harris and Dua Lipa,0,Calvin Harris and Dua Lipa
Natural,Imagine Dragons,0,Imagine Dragons
You Make It Easy,Jason Aldean,0,Jason Aldean
No Brainer,DJ Khaled ,1," Justin Bieber, Chance the Rapper and Quavo"
Plain Jane,ASAP Ferg ,1, Nicki Minaj
Sky Walker,Miguel ,1, Travis Scott
Marry Me,Thomas Rhett,0,Thomas Rhett
Eastside,"Benny Blanco, Halsey and Khalid",0,"Benny Blanco, Halsey and Khalid"
Call Out My Name,The Weeknd,0,The Weeknd
King's Dead,"Jay Rock, Kendrick Lamar, Future and James Blake",0,"Jay Rock, Kendrick Lamar, Future and James Blake"
Happier,Marshmello and Bastille,0,Marshmello and Bastille
Te Boté,"Nio García, Darell and Casper Mágico ",1," Bad Bunny, Nicky Jam and Ozuna"
Simple,Florida Georgia Line,0,Florida Georgia Line
Lemon,N.E.R.D and Rihanna,0,N.E.R.D and Rihanna
Say Something,Justin Timberlake ,1, Chris Stapleton
I'm Upset,Drake,0,Drake
Get Along,Kenny Chesney,0,Kenny Chesney
Moonlight,XXXTentacion,0,XXXTentacion
X,Nicky Jam and J Balvin,0,Nicky Jam and J Balvin
Outside Today,YoungBoy Never Broke Again,0,YoungBoy Never Broke Again
Trip,Ella Mai,0,Ella Mai
Dura,Daddy Yankee,0,Daddy Yankee
Changes,XXXTentacion,0,XXXTentacion
Mercy,Brett Young,0,Brett Young
One Number Away,Luke Combs,0,Luke Combs
Powerglide,Rae Sremmurd ,1, Juicy J
IDGAF,Dua Lipa,0,Dua Lipa
Old Town Road,Lil Nas X ,1, Billy Ray Cyrus
Sunflower,Post Malone and Swae Lee,0,Post Malone and Swae Lee
Without Me,Halsey,0,Halsey
Bad Guy,Billie Eilish,0,Billie Eilish
Wow,Post Malone,0,Post Malone
7 Rings,Ariana Grande,0,Ariana Grande
Talk,Khalid,0,Khalid
Sucker,Jonas Brothers,0,Jonas Brothers
High Hopes,Panic! at the Disco,0,Panic! at the Disco
"Thank U, Next",Ariana Grande,0,Ariana Grande
Truth Hurts,Lizzo,0,Lizzo
Dancing with a Stranger,Sam Smith and Normani,0,Sam Smith and Normani
Señorita,Shawn Mendes and Camila Cabello,0,Shawn Mendes and Camila Cabello
I Don't Care,Ed Sheeran and Justin Bieber,0,Ed Sheeran and Justin Bieber
Going Bad,Meek Mill ,1, Drake
Shallow,Lady Gaga and Bradley Cooper,0,Lady Gaga and Bradley Cooper
Better,Khalid,0,Khalid
No Guidance,Chris Brown ,1, Drake
Sweet but Psycho,Ava Max,0,Ava Max
Suge,DaBaby,0,DaBaby
Middle Child,J. Cole,0,J. Cole
Drip Too Hard,Lil Baby and Gunna,0,Lil Baby and Gunna
Someone You Loved,Lewis Capaldi,0,Lewis Capaldi
Ransom,Lil Tecca,0,Lil Tecca
If I Can't Have You,Shawn Mendes,0,Shawn Mendes
Goodbyes,Post Malone ,1, Young Thug
Zeze,Kodak Black ,1, Travis Scott and Offset
Money in the Grave,Drake ,1, Rick Ross
Speechless,Dan + Shay,0,Dan + Shay
"Break Up with Your Girlfriend, I'm Bored",Ariana Grande,0,Ariana Grande
Please Me,Cardi B and Bruno Mars,0,Cardi B and Bruno Mars
Money,Cardi B,0,Cardi B
You Need to Calm Down,Taylor Swift,0,Taylor Swift
Panini,Lil Nas X,0,Lil Nas X
Look Back at It,A Boogie wit da Hoodie,0,A Boogie wit da Hoodie
A Lot,21 Savage,0,21 Savage
Me!,Taylor Swift ,1, Brendon Urie
Mia,Bad Bunny ,1, Drake
Pop Out,Polo G ,1, Lil Tjay
Beautiful Crazy,Luke Combs,0,Luke Combs
Thotiana,Blueface,0,Blueface
Mo Bamba,Sheck Wes,0,Sheck Wes
Beautiful People,Ed Sheeran ,1, Khalid
Wake Up in the Sky,"Gucci Mane, Bruno Mars and Kodak Black",0,"Gucci Mane, Bruno Mars and Kodak Black"
Whiskey Glasses,Morgan Wallen,0,Morgan Wallen
God's Country,Blake Shelton,0,Blake Shelton
Be Alright,Dean Lewis,0,Dean Lewis
Pure Water,Mustard and Migos,0,Mustard and Migos
The Git Up,Blanco Brown,0,Blanco Brown
Taki Taki,DJ Snake ,1," Selena Gomez, Ozuna and Cardi B"
Close to Me,Ellie Goulding and Diplo ,1, Swae Lee
Envy Me,Calboy,0,Calboy
You Say,Lauren Daigle,0,Lauren Daigle
"Hey Look Ma, I Made It",Panic! at the Disco,0,Panic! at the Disco
Circles,Post Malone,0,Post Malone
Beer Never Broke My Heart,Luke Combs,0,Luke Combs
The London,"Young Thug, J. Cole and Travis Scott",0,"Young Thug, J. Cole and Travis Scott"
Con Calma,Daddy Yankee and Katy Perry ,1, Snow
Murder on My Mind,YNW Melly,0,YNW Melly
When the Party's Over,Billie Eilish,0,Billie Eilish
Act Up,City Girls,0,City Girls
Trampoline,Shaed,0,Shaed
Leave Me Alone,Flipp Dinero,0,Flipp Dinero
Breathin,Ariana Grande,0,Ariana Grande
Bury a Friend,Billie Eilish,0,Billie Eilish
Close Friends,Lil Baby,0,Lil Baby
Baby Shark,Pinkfong,0,Pinkfong
My Type,Saweetie,0,Saweetie
Worth It,YK Osiris,0,YK Osiris
Only Human,Jonas Brothers,0,Jonas Brothers
Knockin' Boots,Luke Bryan,0,Luke Bryan
Rumor,Lee Brice,0,Lee Brice
Swervin,A Boogie wit da Hoodie ,1, 6ix9ine
How Do You Sleep?,Sam Smith,0,Sam Smith
Baby,Lil Baby and DaBaby,0,Lil Baby and DaBaby
Look What God Gave Her,Thomas Rhett,0,Thomas Rhett
Good as You,Kane Brown,0,Kane Brown
Clout,Offset ,1, Cardi B
One Thing Right,Marshmello and Kane Brown,0,Marshmello and Kane Brown
Cash Shit,Megan Thee Stallion ,1, DaBaby
Shotta Flow,NLE Choppa,0,NLE Choppa
Hot Girl Summer,Megan Thee Stallion ,1, Nicki Minaj and Ty Dolla Sign
Talk You Out of It,Florida Georgia Line,0,Florida Georgia Line
Beautiful,Bazzi ,1, Camila Cabello
Eyes on You,Chase Rice,0,Chase Rice
All to Myself,Dan + Shay,0,Dan + Shay
Boyfriend,Ariana Grande and Social House,0,Ariana Grande and Social House
Walk Me Home,Pink,0,Pink
Robbery,Juice Wrld,0,Juice Wrld
Blinding Lights,The Weeknd,0,The Weeknd
The Box,Roddy Ricch,0,Roddy Ricch
Don't Start Now,Dua Lipa,0,Dua Lipa
Rockstar,DaBaby ,1, Roddy Ricch
Adore You,Harry Styles,0,Harry Styles
Life Is Good,Future ,1, Drake
Memories,Maroon 5,0,Maroon 5
The Bones,Maren Morris,0,Maren Morris
Say So,Doja Cat,0,Doja Cat
I Hope,Gabby Barrett ,1, Charlie Puth
Whats Poppin,Jack Harlow ,1," DaBaby, Tory Lanez and Lil Wayne"
Dance Monkey,Tones and I,0,Tones and I
Savage,Megan Thee Stallion ,1, Beyoncé
Roxanne,Arizona Zervas,0,Arizona Zervas
Intentions,Justin Bieber ,1, Quavo
Everything I Wanted,Billie Eilish,0,Billie Eilish
Roses (Imanbek Remix),Saint Jhn,0,Saint Jhn
Watermelon Sugar,Harry Styles,0,Harry Styles
Before You Go,Lewis Capaldi,0,Lewis Capaldi
Falling,Trevor Daniel,0,Trevor Daniel
"10,000 Hours",Dan + Shay and Justin Bieber,0,Dan + Shay and Justin Bieber
WAP,Cardi B ,1, Megan Thee Stallion
Ballin',Mustard ,1, Roddy Ricch
Hot Girl Bummer,Blackbear,0,Blackbear
Blueberry Faygo,Lil Mosey,0,Lil Mosey
Heartless,The Weeknd,0,The Weeknd
Bop,DaBaby,0,DaBaby
Lose You to Love Me,Selena Gomez,0,Selena Gomez
Good as Hell,Lizzo,0,Lizzo
Toosie Slide,Drake,0,Drake
Break My Heart,Dua Lipa,0,Dua Lipa
Chasin' You,Morgan Wallen,0,Morgan Wallen
Savage Love (Laxed – Siren Beat),Jawsh 685 and Jason Derulo,0,Jawsh 685 and Jason Derulo
My Oh My,Camila Cabello ,1, DaBaby
Dynamite,BTS,0,BTS
Go Crazy,Chris Brown and Young Thug,0,Chris Brown and Young Thug
High Fashion,Roddy Ricch ,1, Mustard
Laugh Now Cry Later,Drake ,1, Lil Durk
Woah,Lil Baby,0,Lil Baby
Death Bed,Powfu ,1, Beabadoobee
Highest in the Room,Travis Scott,0,Travis Scott
Mood,24kGoldn ,1, Iann Dior
Rain on Me,Lady Gaga and Ariana Grande,0,Lady Gaga and Ariana Grande
For the Night,Pop Smoke ,1, Lil Baby and DaBaby
Ritmo (Bad Boys for Life),Black Eyed Peas and J Balvin,0,Black Eyed Peas and J Balvin
Heart on Ice,Rod Wave,0,Rod Wave
Nobody but You,Blake Shelton and Gwen Stefani,0,Blake Shelton and Gwen Stefani
Come & Go,Juice Wrld and Marshmello,0,Juice Wrld and Marshmello
If the World Was Ending,JP Saxe ,1, Julia Michaels
We Paid,Lil Baby and 42 Dugg,0,Lil Baby and 42 Dugg
Yummy,Justin Bieber,0,Justin Bieber
One Man Band,Old Dominion,0,Old Dominion
Got What I Got,Jason Aldean,0,Jason Aldean
Sunday Best,Surfaces,0,Surfaces
Godzilla,Eminem ,1, Juice Wrld
Bandit,Juice Wrld and YoungBoy Never Broke Again,0,Juice Wrld and YoungBoy Never Broke Again
Party Girl,StaySolidRocky,0,StaySolidRocky
Die from a Broken Heart,Maddie & Tae,0,Maddie & Tae
Popstar,DJ Khaled ,1, Drake
All I Want for Christmas Is You,Mariah Carey,0,Mariah Carey
One of Them Girls,Lee Brice,0,Lee Brice
Hard to Forget,Sam Hunt,0,Sam Hunt
One Margarita,Luke Bryan,0,Luke Bryan
Hot,Young Thug ,1, Gunna
I Hope You're Happy Now,Carly Pearce and Lee Brice,0,Carly Pearce and Lee Brice
Emotionally Scarred,Lil Baby,0,Lil Baby
Suicidal,YNW Melly ,1, Juice Wrld
The Bigger Picture,Lil Baby,0,Lil Baby
The Woo,Pop Smoke ,1, 50 Cent and Roddy Ricch
Sum 2 Prove,Lil Baby,0,Lil Baby
Stuck with U,Ariana Grande and Justin Bieber,0,Ariana Grande and Justin Bieber
Mood Swings,Pop Smoke ,1, Lil Tjay
You Should Be Sad,Halsey,0,Halsey
Dior,Pop Smoke,0,Pop Smoke
Supalonely,Benee ,1, Gus Dapperton
Even Though I'm Leaving,Luke Combs,0,Luke Combs
The Scotts,"The Scotts, Travis Scott and Kid Cudi",0,"The Scotts, Travis Scott and Kid Cudi"
Juicy,Doja Cat and Tyga,0,Doja Cat and Tyga
Be Like That,"Kane Brown, Swae Lee and Khalid",0,"Kane Brown, Swae Lee and Khalid"
Homesick,Kane Brown,0,Kane Brown
Rags2Riches,Rod Wave ,1, ATR Son Son
Bluebird,Miranda Lambert,0,Miranda Lambert
Wishing Well,Juice Wrld,0,Juice Wrld
Does to Me,Luke Combs ,1, Eric Church
Pussy Fairy (OTW),Jhené Aiko,0,Jhené Aiko
ILY (I Love You Baby),Surf Mesa ,1, Emilee
More Than My Hometown,Morgan Wallen,0,Morgan Wallen
Lovin' on You,Luke Combs,0,Luke Combs
Said Sum,Moneybagg Yo,0,Moneybagg Yo
Slide,H.E.R. ,1, YG
Walk Em Down,NLE Choppa ,1, Roddy Ricch
